Landsdel;Museer og Besøgssteder;Hovedmuseum;Museumstype;Museumskategori;Museumsnavn;Besøgende; Udstilling i alt;Besøgende 18 år og derover; fuld pris;Besøgende 18 år og derover; reduceret pris (inkl. årskort);Besøgende 18 år og derover; gratis;"Besøgende u. 18 år, 
ej undervisning";"Besøgende u. 18 år, 
undervisning";Besøgende; uspecificeret;Besøgende; Besøgssted;Åbningstimer;Antal arrangementer;Deltagere til arrangementer i alt;Deltagere u. 18 år; undervisning;Deltagere u. 18 år; undervisning;Deltagere;18 år og derover eller uspecificeret;Antal online arrangementer (livestream);Deltagere til online arrangementer;Bemærkning;;;;;
Byen København;Museum;;Statslig i henhold til museumsloven;Kunstmuseum;Den Hirschsprungske Samling;48.810;27.428;11.511;3.677;550;5.644;0;48.810;1.045;5;390;0;30;360;0;0;;;;;;;;;;;;;;;
Byen København;Museum;;Statslig i henhold til museumsloven;Naturhistorisk museum;Statens Naturhistoriske Museum;460.807;229.785;124.278;9.756;84.745;12.243;0;460.807;5.730;0;0;0;0;0;0;0;Derudover har der været 685.626 besøgende i Botanisk Have;;;;;;;;;;;;;;
Byen København;Museum;;Statsanderkendt i henhold til museumsloven;Kunstmuseum;Kastrupgårdsamlingen;15.192;0;0;12.109;1.655;1.428;0;15.192;1.392;1;51;0;30;21;0;0;;;;;;;;;;;;;;;
Byen København;Museum;;Statsanderkendt i henhold til museumsloven;Kulturhistorisk museum;Dansk Jødisk Museum;6.635;3.693;2.487;0;379;76;0;6.635;480;14;387;0;0;387;1;296;;;;;;;;;;;;;;;
Byen København;Museum;;Statslig i henhold til museumsloven;Kunstmuseum;Statens Museum for Kunst;498.505;91.535;130.538;209.078;29.759;37.595;0;498.505;2.554;0;0;0;0;0;3;528;;;;;;;;;;;;;;;
Byen København;Museum;;Statsanderkendt i henhold til museumsloven;Kunstmuseum;Ny Carlsberg Glyptotek;449.147;119.554;58.944;245.068;22.138;3.443;0;449.147;2.385;0;0;0;0;0;0;0;;;;;;;;;;;;;;;
Byen København;Museum;;Statsanderkendt i henhold til museumsloven;Kulturhistorisk museum;Amagermuseet;17.742;4.233;804;6.051;2.191;4.463;0;21.620;416;52;364;0;62;302;0;0;;;;;;;;;;;;;;;
Byen København;Museum;;Statsanderkendt i henhold til museumsloven;Kunstmuseum;Designmuseum Danmark;148.447;76.605;43.652;15.648;9.218;3.324;0;215.356;1.350;0;0;0;0;0;0;0;;;;;;;;;;;;;;;
Byen København;Museum;;Statsanderkendt i henhold til museumsloven;Kulturhistorisk museum;Arbejdermuseet;117.636;38.914;9.812;30.414;17.847;20.649;0;117.636;2.500;67;1.370;1.320;50;0;0;0;;;;;;;;;;;;;;;
Byen København;Besøgssted;De danske kongers kronologiske samling;Statsanderkendt i henhold til museumsloven;Kulturhistorisk museum;Rosenborgsamlingen;325.609;139.849;121.586;12.936;50.847;391;0;325.609;1.989;0;0;0;0;0;0;0;;;;;;;;;;;;;;;
Byen København;Besøgssted;De danske kongers kronologiske samling;Statsanderkendt i henhold til museumsloven;Kulturhistorisk museum;"Amalienborg Museet  Christian VIII""s Palæ";216.260;110.562;69.540;13.941;20.386;1.831;0;216.260;2.259;0;0;0;0;0;1;4.188;;;;;;;;;;;;;;;
Byen København;Besøgssted;Frederiksbergmuseerne;Statsanderkendt i henhold til museumsloven;Kulturhistorisk museum;Bakkehuset;10.161;3.403;2.503;2.712;616;927;0;26.733;1.970;0;0;0;0;0;0;0;;;;;;;;;;;;;;;
Byen København;Besøgssted;Frederiksbergmuseerne;Statsanderkendt i henhold til museumsloven;Museumslignende institution;Møstings Hus;9.304;0;0;8.744;453;107;0;9.304;1.600;0;0;0;0;0;0;0;;;;;;;;;;;;;;;
Byen København;Besøgssted;Frederiksbergmuseerne;Statsanderkendt i henhold til museumsloven;Museumslignende institution;Cisternerne;93.946;51.822;24.452;7.333;6.621;3.718;0;93.946;1.690;9;180;0;0;180;0;0;;;;;;;;;;;;;;;
Byen København;Besøgssted;Frederiksbergmuseerne;Statsanderkendt i henhold til museumsloven;Kunstmuseum;Storm P. Museet;17.857;9.048;3.559;3.261;877;1.112;0;17.857;1.850;28;5.184;3.108;150;1.926;0;0;;;;;;;;;;;;;;;
Byen København;Besøgssted;Kunst og Historie;Statsanderkendt i henhold til museumsloven;Kunstmuseum;Thorvaldsens Museum;65.213;17.526;4.937;32.898;3.248;6.604;0;65.213;2.044;0;0;0;0;0;0;0;;;;;;;;;;;;;;;
Byen København;Besøgssted;Kunst og Historie;Statsanderkendt i henhold til museumsloven;Kulturhistorisk museum;Københavns Museum;74.029;29.514;706;28.942;8.644;6.223;0;91.345;3.276;200;3.586;62;100;3.424;0;0;;;;;;;;;;;;;;;
Byen København;Besøgssted;Nationalmuseet;Statslig i henhold til museumsloven;Kulturhistorisk museum;Christiansborg Slot;507.682;0;0;0;0;0;507.682;507.682;2.555;0;0;0;0;0;0;0;;;;;;;;;;;;;;;
Byen København;Besøgssted;Nationalmuseet;Statslig i henhold til museumsloven;Kulturhistorisk museum;Krigsmuseet;62.121;0;0;0;0;0;62.121;62.121;2.205;7;59;0;2;57;0;0;;;;;;;;;;;;;;;
Byen København;Besøgssted;Nationalmuseet;Statslig i henhold til museumsloven;Kulturhistorisk museum;Kongernes Lapidarium;5.411;0;0;0;0;0;5.411;5.411;130;0;0;0;0;0;0;0;;;;;;;;;;;;;;;
Byen København;Besøgssted;Nationalmuseet;Statslig i henhold til museumsloven;Kulturhistorisk museum;Musikmuseet;279;0;0;0;0;0;279;279;0;0;0;0;0;0;0;0;Museet har ikke haft en normal åbningstid;;;;;;;;;;;;;;
Byen København;Besøgssted;Nationalmuseet;Statslig i henhold til museumsloven;Kulturhistorisk museum;Frihedsmuseet;62.128;0;0;0;0;0;62.128;62.128;2.233;30;629;200;35;394;0;0;;;;;;;;;;;;;;;
Byen København;Besøgssted;Nationalmuseet;Statslig i henhold til museumsloven;Kulturhistorisk museum;Prinsens Palais;304.985;0;0;0;0;0;304.985;304.985;2.334;6;4.856;150;1;4.705;4;660;;;;;;;;;;;;;;;
Københavns Omegn;Museum;;Statslig i henhold til museumsloven;Kunstmuseum;Ordrupgaard;87.427;58.897;19.364;3.824;4.389;953;0;97.000;1.562;0;0;0;0;0;0;0;;;;;;;;;;;;;;;
Københavns Omegn;Museum;;Statsanderkendt i henhold til museumsloven;Kunstmuseum;ARKEN Museum for Moderne Kunst;102.348;41.176;28.920;14.438;9.973;7.841;0;102.348;2.400;31;545;447;0;98;0;0;;;;;;;;;;;;;;;
Københavns Omegn;Museum;;Statsanderkendt i henhold til museumsloven;Kulturhistorisk museum;Kroppedal Museum;5.886;1.771;8;1.986;982;1.139;0;16.215;1.352;50;1.304;1.015;54;235;15;295;;;;;;;;;;;;;;;
Københavns Omegn;Besøgssted;Nationalmuseet;Statslig i henhold til museumsloven;Kulturhistorisk museum;Frilandsmuseet;163.015;0;0;0;0;0;163.015;163.015;1.371;0;0;0;0;0;0;0;;;;;;;;;;;;;;;
Nordsjælland;Museum;;Statsanderkendt i henhold til museumsloven;Kulturhistorisk museum;M/S museet for Søfart;93.262;27.097;33.495;4.062;21.050;5.915;1.643;95.681;1.946;118;3.256;1.721;585;950;0;0;;;;;;;;;;;;;;;
Nordsjælland;Museum;;Statsanderkendt i henhold til museumsloven;Kunstmuseum;J. F. Willumsens Museum;17.942;10.340;0;4.162;1.463;1.977;0;17.942;2.186;3;200;75;0;125;0;0;;;;;;;;;;;;;;;
Nordsjælland;Museum;;Statsanderkendt i henhold til museumsloven;Kunstmuseum;NIVAAGAARDS MALERISAMLING;53.163;9.309;35.046;5.783;1.967;1.058;0;53.163;2.322;20;829;599;125;105;0;0;;;;;;;;;;;;;;;
Nordsjælland;Museum;;Statsanderkendt i henhold til museumsloven;Kulturhistorisk museum;Helsingør Kommunes Museer;9.487;3.334;281;592;1.199;4.081;0;12.418;480;53;1.260;0;0;1.260;0;0;;;;;;;;;;;;;;;
Nordsjælland;Museum;;Statsanderkendt i henhold til museumsloven;Kulturhistorisk museum;Furesø Museer;34.213;0;0;25.997;3.536;4.680;0;34.213;1.657;11;16.935;0;1.050;15.885;6;0;;;;;;;;;;;;;;;
Nordsjælland;Museum;;Statsanderkendt i henhold til museumsloven;Kulturhistorisk museum;Industrimuseet Frederiks Værk & Knud Rasmussens Hus;24.336;10.298;0;11.153;2.140;745;0;24.336;800;21;1.098;0;0;1.098;0;0;;;;;;;;;;;;;;;
Nordsjælland;Museum;;Statsanderkendt i henhold til museumsloven;Kulturhistorisk museum;Danmarks Tekniske Museum;59.561;16.953;8.616;5.019;16.331;12.642;0;59.561;2.066;0;0;0;0;0;0;0;;;;;;;;;;;;;;;
Nordsjælland;Museum;;Statsanderkendt i henhold til museumsloven;Kulturhistorisk museum;Rudersdal Museer;8.596;818;1.477;2.525;1.967;1.809;0;8.596;2.564;16;355;0;0;355;0;0;;;;;;;;;;;;;;;
Nordsjælland;Museum;;Statsanderkendt i henhold til museumsloven;Kunstmuseum;Louisiana Museum for Moderne Kunst;612.992;198.622;299.609;40.318;61.763;12.680;0;612.992;2.884;11;398;138;0;260;0;0;;;;;;;;;;;;;;;
Nordsjælland;Besøgssted;Museum Nordsjælland;Statsanderkendt i henhold til museumsloven;Kulturhistorisk museum;Folkemuseet i Hillerød;2.893;475;0;1.308;447;663;0;2.893;980;8;162;0;0;162;0;0;;;;;;;;;;;;;;;
Nordsjælland;Besøgssted;Museum Nordsjælland;Statsanderkendt i henhold til museumsloven;Kulturhistorisk museum;Det Gamle Hus/Skibshallerne;1.937;1.079;0;305;202;351;0;1.937;555;10;507;18;0;489;0;0;;;;;;;;;;;;;;;
Nordsjælland;Besøgssted;Museum Nordsjælland;Statsanderkendt i henhold til museumsloven;Kulturhistorisk museum;Museum Nordsjælland Hørsholm;3.161;414;0;2.285;380;82;0;4.161;794;15;6.081;36;150;5.895;0;0;;;;;;;;;;;;;;;
Nordsjælland;Besøgssted;Museum Nordsjælland;Statsanderkendt i henhold til museumsloven;Kulturhistorisk museum;Æbelholt Kloster museum;1.373;569;0;573;231;0;0;1.373;384;4;275;0;10;265;0;0;;;;;;;;;;;;;;;
Nordsjælland;Besøgssted;Museum Nordsjælland;Statsanderkendt i henhold til museumsloven;Kulturhistorisk museum;Elværket;1.339;374;0;521;400;44;0;1.339;745;62;11.076;434;300;10.342;0;0;;;;;;;;;;;;;;;
Nordsjælland;Besøgssted;Museum Nordsjælland;Statsanderkendt i henhold til museumsloven;Kulturhistorisk museum;Fyrhistorisk Museum;5.208;3.147;0;881;1.108;72;0;5.208;800;0;0;0;0;0;0;0;;;;;;;;;;;;;;;
Nordsjælland;Besøgssted;Nationalmuseet;Statslig i henhold til museumsloven;Kulturhistorisk museum;Kronborg Slot;253.416;0;0;0;0;0;253.416;253.416;2.620;0;0;0;0;0;0;0;;;;;;;;;;;;;;;
Nordsjælland;Besøgssted;ROMU;Statsanderkendt i henhold til museumsloven;Kulturhistorisk museum;Frederikssund Museum;4.411;329;328;1.036;1.126;1.592;0;7.336;994;5;742;0;0;742;0;0;;;;;;;;;;;;;;;
Bornholm;Museum;;Statsanderkendt i henhold til museumsloven;Kunstmuseum;BORNHOLMS KUNSTMUSEUM;34.376;19.833;6.414;3.204;2.940;1.985;0;34.376;1.847;0;0;0;0;0;0;0;;;;;;;;;;;;;;;
Bornholm;Besøgssted;Bornholms Museum;Statsanderkendt i henhold til museumsloven;Kulturhistorisk museum;gaarden - Bornholms Madkulturhus;;;;;;;;;;;;;;;;;Besøgstal og anden aktivitet indgår i tallene for Landbrugsmuseet på Melstedgård;;;;;;;;;;;;;;
Bornholm;Besøgssted;Bornholms Museum;Statsanderkendt i henhold til museumsloven;Kulturhistorisk museum;Melsted Mølle;;;;;;;;;;;;;;;;;Besøgstal og anden aktivitet indgår i tallene for Landbrugsmuseet på Melstedgård;;;;;;;;;;;;;;
Bornholm;Besøgssted;Bornholms Museum;Statsanderkendt i henhold til museumsloven;Kulturhistorisk museum;Landbrugsmuseet på Melstedgård;17.111;3.218;1.790;10.393;1.231;479;0;17.111;922;19;1.506;0;15;1.491;0;0;;;;;;;;;;;;;;;
Bornholm;Besøgssted;Bornholms Museum;Statsanderkendt i henhold til museumsloven;Kulturhistorisk museum;Kulturhistorisk Museum Rønne;12.340;4.808;3.542;1.569;1.073;1.348;0;13.940;1.591;93;2.619;478;22;2.119;0;0;;;;;;;;;;;;;;;
Bornholm;Besøgssted;Bornholms Museum;Statsanderkendt i henhold til museumsloven;Kulturhistorisk museum;Hjorths Fabrik  Bornholms Keramikmuseum;25.009;3.392;4.291;15.612;1.427;287;0;25.009;1.800;0;0;0;0;0;0;0;;;;;;;;;;;;;;;
Bornholm;Besøgssted;Bornholms Museum;Statsanderkendt i henhold til museumsloven;Kulturhistorisk museum;Erichsens Gård;4.965;767;1.790;2.408;0;0;0;4.965;322;0;0;0;0;0;0;0;;;;;;;;;;;;;;;
Østsjælland;Museum;;Statsanderkendt i henhold til museumsloven;Kulturhistorisk museum;Greve Museum;20.401;3.899;2.265;6.233;4.029;3.975;0;20.401;2.506;23;1.424;165;65;1.194;0;0;;;;;;;;;;;;;;;
Østsjælland;Museum;;Statsanderkendt i henhold til museumsloven;Kulturhistorisk museum;Vikingeskibsmuseet;159.761;41.092;67.142;13.191;29.755;8.581;0;159.761;2.276;762;11.962;0;5.000;6.962;6;184;;;;;;;;;;;;;;;
Østsjælland;Museum;;Statsanderkendt i henhold til museumsloven;Kunstmuseum;Museet for Samtidskunst;7.678;0;0;7.374;239;65;0;7.678;256;15;82.789;0;342;82.447;0;0;Af museets hjemmesidebrugere i 2022 var 21.871 besøgende på The Wrestlers (enten gennem museets online udstilling eller som brugere af udstillingens QR-kode) og 3.952 var besøgende på Zoba´ah: Hvirvelvinden (enten gennem museets online udstilling eller som brugere af udstillingens QR-kode) og 2.400 var lyttere af museets podcasts/lydværker.;;;;;;;;;;;;;;
Østsjælland;Museum;;Statsanderkendt i henhold til museumsloven;Kunstmuseum;KØS Museum for Kunst i Det Offentlige Rum;28.322;2.586;348;23.311;245;1.832;0;32.162;1.770;2;400;0;0;400;0;0;;;;;;;;;;;;;;;
Østsjælland;Besøgssted;Museum Sydøstdanmark;Statsanderkendt i henhold til museumsloven;Kulturhistorisk museum;Køge Museum;33.959;5.090;6.825;3.252;17.738;1.054;0;38.273;1.810;40;600;0;0;600;0;0;;;;;;;;;;;;;;;
Østsjælland;Besøgssted;ROMU;Statsanderkendt i henhold til museumsloven;Kulturhistorisk museum;Danmarks Rockmuseum;43.318;6.657;16.461;3.513;8.556;8.131;0;82.311;2.281;0;0;0;0;0;0;0;;;;;;;;;;;;;;;
Østsjælland;Besøgssted;ROMU;Statsanderkendt i henhold til museumsloven;Kulturhistorisk museum;Tadre Mølle Museum;9.305;2.401;0;5.013;1.891;0;0;14.689;450;0;0;0;0;0;0;0;;;;;;;;;;;;;;;
Østsjælland;Besøgssted;ROMU;Statsanderkendt i henhold til museumsloven;Kulturhistorisk museum;Lützhøfs Købmandsgård;14.180;0;0;11.029;2.356;795;0;14.180;1.078;0;0;0;0;0;0;0;;;;;;;;;;;;;;;
Østsjælland;Besøgssted;ROMU;Statsanderkendt i henhold til museumsloven;Kulturhistorisk museum;Lejre Museum;6.172;1.268;1.268;1.681;782;1.173;0;14.341;1.250;11;328;0;0;328;0;0;;;;;;;;;;;;;;;
Østsjælland;Besøgssted;ROMU;Statsanderkendt i henhold til museumsloven;Kulturhistorisk museum;Roskilde Museum;16.489;3.140;3.120;3.697;1.400;5.132;0;31.086;1.772;1;47;0;0;47;0;0;;;;;;;;;;;;;;;
Østsjælland;Besøgssted;ROMU;Statsanderkendt i henhold til museumsloven;Kulturhistorisk museum;Sankt Laurentius;3.727;589;588;665;1.039;846;0;5.520;528;0;0;0;0;0;0;0;;;;;;;;;;;;;;;
Vest- og Sydsjælland;Museum;;Statsanderkendt i henhold til museumsloven;Kunstmuseum;Fuglsang Kunstmuseum;24.376;8.653;7.112;4.461;1.945;2.205;0;28.862;1.594;6;214;75;0;139;0;0;;;;;;;;;;;;;;;
Vest- og Sydsjælland;Museum;;Statsanderkendt i henhold til museumsloven;Kunstmuseum;Sorø Kunstmuseum;14.560;6.997;3.006;1.220;1.077;2.260;0;20.467;1.800;1;1.089;0;500;589;0;0;;;;;;;;;;;;;;;
Vest- og Sydsjælland;Besøgssted;Museum Lolland Falster;Statsanderkendt i henhold til museumsloven;Kulturhistorisk museum;Museum Obscurum; Falsters Minder;17.486;3.195;660;10.174;2.882;575;0;17.486;1.556;79;1.115;0;67;1.048;0;0;;;;;;;;;;;;;;
Vest- og Sydsjælland;Besøgssted;Museum Lolland Falster;Statsanderkendt i henhold til museumsloven;Kulturhistorisk museum;Reventlow-Museet Pederstrup;4.355;1.060;1.829;1.012;236;218;0;4.355;471;79;1.115;0;67;1.048;0;0;;;;;;;;;;;;;;;
Vest- og Sydsjælland;Besøgssted;Museum Lolland Falster;Statsanderkendt i henhold til museumsloven;Kulturhistorisk museum;De gamle huse; frilandsmuseet;13.067;4.381;2.327;2.491;2.383;1.485;0;13.067;917;79;1.115;0;67;1.048;0;0;;;;;;;;;;;;;;
Vest- og Sydsjælland;Besøgssted;Museum Lolland Falster;Statsanderkendt i henhold til museumsloven;Kulturhistorisk museum;Stiftmuseet; Maribo;6.644;1.343;795;3.384;785;337;0;6.644;1.276;79;1.116;0;67;1.049;0;0;;;;;;;;;;;;;;
Vest- og Sydsjælland;Besøgssted;Museum Sydøstdanmark;Statsanderkendt i henhold til museumsloven;Kulturhistorisk museum;Helligåndshuset Næstved Museum;1.282;400;459;11;139;273;0;3.404;990;12;279;211;0;68;0;0;;;;;;;;;;;;;;;
Vest- og Sydsjælland;Besøgssted;Museum Sydøstdanmark;Statsanderkendt i henhold til museumsloven;Kulturhistorisk museum;Museumsgården; Kjeldbylille;2.307;680;655;430;542;0;0;2.807;618;0;0;0;0;0;0;0;;;;;;;;;;;;;;
Vest- og Sydsjælland;Besøgssted;Museum Sydøstdanmark;Statsanderkendt i henhold til museumsloven;Kulturhistorisk museum;Køng Museum;2.015;538;346;1.088;43;0;0;2.015;208;0;0;0;0;0;0;0;;;;;;;;;;;;;;;
Vest- og Sydsjælland;Besøgssted;Museum Sydøstdanmark;Statsanderkendt i henhold til museumsloven;Kunstmuseum;Thorvaldsen-Samlingen på Nysø;1.597;618;623;84;60;212;0;1.597;290;0;0;0;0;0;0;0;;;;;;;;;;;;;;;
Vest- og Sydsjælland;Besøgssted;Museum Sydøstdanmark;Statsanderkendt i henhold til museumsloven;Kulturhistorisk museum;Møns Museum;9.791;644;1.237;4.950;2.922;38;0;18.378;954;1;25;0;0;25;0;0;;;;;;;;;;;;;;;
Vest- og Sydsjælland;Besøgssted;Museum Sydøstdanmark;Statsanderkendt i henhold til museumsloven;Kulturhistorisk museum;Holmegaard Værk;75.671;15.083;33.173;9.329;15.718;2.368;0;77.034;2.185;5;618;0;0;618;0;0;;;;;;;;;;;;;;;
Vest- og Sydsjælland;Besøgssted;Museum Sydøstdanmark;Statsanderkendt i henhold til museumsloven;Kulturhistorisk museum;Danmarks Borgcenter;133.152;9.817;9.915;79.608;30.278;3.534;0;161.560;1.550;21;2.435;227;800;1.408;0;0;;;;;;;;;;;;;;;
Vest- og Sydsjælland;Besøgssted;Museum Vestsjælland;Statsanderkendt i henhold til museumsloven;Kulturhistorisk museum;Skælskør Bymuseum;3.615;0;0;3.342;273;0;0;3.615;190;2;95;0;0;95;0;0;;;;;;;;;;;;;;;
Vest- og Sydsjælland;Besøgssted;Museum Vestsjælland;Statsanderkendt i henhold til museumsloven;Kulturhistorisk museum;Slagelse Museum;3.079;294;198;1.022;1.022;543;0;5.844;954;15;1.022;21;4;997;0;0;;;;;;;;;;;;;;;
Vest- og Sydsjælland;Besøgssted;Museum Vestsjælland;Statsanderkendt i henhold til museumsloven;Kulturhistorisk museum;Ringsted Museum;1.580;415;292;141;575;157;0;2.879;838;23;31.494;0;11.013;20.481;0;0;;;;;;;;;;;;;;;
Vest- og Sydsjælland;Besøgssted;Museum Vestsjælland;Statsanderkendt i henhold til museumsloven;Kulturhistorisk museum;Flakkebjerg Skolemuseum;509;0;0;143;0;366;0;509;120;0;0;0;0;0;0;0;;;;;;;;;;;;;;;
Vest- og Sydsjælland;Besøgssted;Museum Vestsjælland;Statsanderkendt i henhold til museumsloven;Kulturhistorisk museum;Odsherreds Museum;4.325;1.272;1.018;1.081;779;175;0;8.150;1.056;7;804;0;440;364;0;0;;;;;;;;;;;;;;;
Vest- og Sydsjælland;Besøgssted;Museum Vestsjælland;Statsanderkendt i henhold til museumsloven;Kunstmuseum;Odsherreds kunstmuseum Hvide Hus;3.327;675;1.425;264;218;745;0;3.529;1.248;0;0;0;0;0;0;0;;;;;;;;;;;;;;;
Vest- og Sydsjælland;Besøgssted;Museum Vestsjælland;Statsanderkendt i henhold til museumsloven;Kunstmuseum;Malergården;6.754;2.099;3.811;321;500;23;0;6.839;876;1;45;0;0;45;0;0;;;;;;;;;;;;;;;
Vest- og Sydsjælland;Besøgssted;Museum Vestsjælland;Statsanderkendt i henhold til museumsloven;Kulturhistorisk museum;Holbæk Museum;12.639;1.216;1.376;7.910;1.163;974;0;26.546;1.236;37;8.188;27;2.017;6.144;0;0;;;;;;;;;;;;;;;
Vest- og Sydsjælland;Besøgssted;Museum Vestsjælland;Statsanderkendt i henhold til museumsloven;Kulturhistorisk museum;Kalundborg Museum;9.473;1.841;2.833;2.763;1.575;461;0;13.094;1.332;6;191;21;0;170;0;0;;;;;;;;;;;;;;;
Vest- og Sydsjælland;Besøgssted;Museum Vestsjælland;Statsanderkendt i henhold til museumsloven;Kulturhistorisk museum;Sorø Museum;7.324;658;634;4.471;612;949;0;11.803;972;7;22.201;0;1.041;21.160;0;0;;;;;;;;;;;;;;;
Vest- og Sydsjælland;Besøgssted;Nationalmuseet;Statslig i henhold til museumsloven;Kulturhistorisk museum;VikingeborgenTrelleborg;71.440;0;0;0;0;0;71.440;71.440;1.158;3;136;80;0;56;0;0;;;;;;;;;;;;;;;
Vest- og Sydsjælland;Besøgssted;Nationalmuseet;Statslig i henhold til museumsloven;Kulturhistorisk museum;Liselund Gl. Slot;305;0;0;0;0;0;305;305;215;0;0;0;0;0;0;0;;;;;;;;;;;;;;;
Vest- og Sydsjælland;Besøgssted;Østsjællands Museum;Statsanderkendt i henhold til museumsloven;Kulturhistorisk museum;Den Selvejende Institution Østsjællands Museum;1.101;850;226;25;0;0;0;1.101;776;2;20;20;0;0;0;0;;;;;;;;;;;;;;;
Vest- og Sydsjælland;Besøgssted;Østsjællands Museum;Statsanderkendt i henhold til museumsloven;Naturhistorisk museum;Geomuseum Faxe;19.872;10.081;1.136;0;4.540;4.115;0;19.872;1.800;4;213;0;0;213;0;0;;;;;;;;;;;;;;;
Vest- og Sydsjælland;Besøgssted;Østsjællands Museum;Statsanderkendt i henhold til museumsloven;Kulturhistorisk museum;Koldkrigsmuseum Stevnsfort;32.319;23.531;0;432;3.988;4.368;0;32.319;1.681;1;35;0;0;35;0;0;;;;;;;;;;;;;;;
Fyn;Museum;;Statsanderkendt i henhold til museumsloven;Kunstmuseum;Faaborg Museum;23.828;12.214;4.376;4.922;1.276;1.040;0;23.828;1.425;3;145;0;0;145;0;0;;;;;;;;;;;;;;;
Fyn;Museum;;Statsanderkendt i henhold til museumsloven;Kulturhistorisk museum;Marstal Søfartsmuseum;18.937;10.670;1.214;3.316;2.522;1.215;0;18.937;1.960;1;140;0;0;140;0;0;;;;;;;;;;;;;;;
Fyn;Museum;;Statsanderkendt i henhold til museumsloven;Naturhistorisk museum;Naturama;78.971;20.661;7.029;10.647;31.512;9.122;0;78.971;2.384;34;41.000;35.000;6.000;0;0;0;;;;;;;;;;;;;;;
Fyn;Museum;;Statsanderkendt i henhold til museumsloven;Kulturhistorisk museum;Museum Vestfyn;6.941;3.243;571;2.266;823;38;0;6.990;1.932;20;6.029;557;25;5.447;0;0;;;;;;;;;;;;;;;
Fyn;Museum;;Statsanderkendt i henhold til museumsloven;Kulturhistorisk museum;Middelfart Museum;25.871;3.580;740;18.014;2.397;1.140;0;28.974;1.429;24;2.205;0;140;2.065;0;0;;;;;;;;;;;;;;;
Fyn;Museum;;Statsanderkendt i henhold til museumsloven;Kunstmuseum;Brandts;113.748;26.100;31.740;38.169;11.640;6.099;0;113.748;2.300;9;135;35;100;0;0;0;;;;;;;;;;;;;;;
Fyn;Besøgssted;Langelands museum;Statsanderkendt i henhold til museumsloven;Kulturhistorisk museum;Langelands museum;74.533;28.957;1.031;36.722;6.204;1.619;0;74.533;1.860;40;1.158;0;0;1.158;0;0;;;;;;;;;;;;;;;
Fyn;Besøgssted;Odense Bys Museer;Statsanderkendt i henhold til museumsloven;Kulturhistorisk museum;H.C. Andersens Barndomshjem;43.982;32.531;0;2.288;7.228;1.935;0;43.982;1.754;0;0;0;0;0;0;0;;;;;;;;;;;;;;;
Fyn;Besøgssted;Odense Bys Museer;Statsanderkendt i henhold til museumsloven;Kulturhistorisk museum;Den Fynske Landsby;79.382;23.349;0;29.312;21.052;5.669;0;92.698;1.287;0;0;0;0;0;0;0;;;;;;;;;;;;;;;
Fyn;Besøgssted;Odense Bys Museer;Statsanderkendt i henhold til museumsloven;Kulturhistorisk museum;Møntergården;44.050;25.362;0;5.490;8.586;4.612;0;47.040;2.018;19;2.801;0;0;2.801;4;440;;;;;;;;;;;;;;;
Fyn;Besøgssted;Odense Bys Museer;Statsanderkendt i henhold til museumsloven;Kulturhistorisk museum;Carl Nielsen Barndomshjem;1.911;611;0;1.231;54;15;0;1.911;528;0;0;0;0;0;0;0;;;;;;;;;;;;;;;
Fyn;Besøgssted;Odense Bys Museer;Statsanderkendt i henhold til museumsloven;Kulturhistorisk museum;H.C. Andersens Hus;183.355;122.629;0;13.106;32.310;15.310;0;183.355;1.852;0;0;0;0;0;0;0;;;;;;;;;;;;;;;
Fyn;Besøgssted;Svendborg Museum;Statsanderkendt i henhold til museumsloven;Kulturhistorisk museum;Egeskov Mølle;;;;;;;;;;;;;;;;;Besøgstal og anden aktivitet indgår i tallene for Svendborg Museum;;;;;;;;;;;;;;
Fyn;Besøgssted;Svendborg Museum;Statsanderkendt i henhold til museumsloven;Kulturhistorisk museum;Svendborg Museum;49.419;5.721;8.575;28.641;4.374;2.108;0;49.419;1.704;14;1.293;0;312;981;0;0;;;;;;;;;;;;;;;
Fyn;Besøgssted;Svendborg Museum;Statsanderkendt i henhold til museumsloven;Kulturhistorisk museum;Anne Hvides Gård;;;;;;;;;;;;;;;;;Besøgstal og anden aktivitet indgår i tallene for Svendborg Museum;;;;;;;;;;;;;;
Fyn;Besøgssted;Ærø Museum;Statsanderkendt i henhold til museumsloven;Kulturhistorisk museum;Ærø Museum;2.467;1.738;0;279;420;30;0;2.467;560;12;304;172;0;132;0;0;;;;;;;;;;;;;;;
Fyn;Besøgssted;Ærø Museum;Statsanderkendt i henhold til museumsloven;Kulturhistorisk museum;Hammerichs Hus;1.358;1.076;0;38;244;0;0;1.358;342;0;0;0;0;0;0;0;;;;;;;;;;;;;;;
Fyn;Besøgssted;Ærø Museum;Statsanderkendt i henhold til museumsloven;Kulturhistorisk museum;Søbygaard;9.852;6.183;2.345;335;931;58;0;9.852;996;0;0;0;0;0;0;0;;;;;;;;;;;;;;;
Fyn;Besøgssted;Øhavsmuseet; Faaborg;Statsanderkendt i henhold til museumsloven;Kulturhistorisk museum;Øhavsmuseet; Faaborg;52.403;10.148;3.273;23.740;13.648;1.594;0;52.669;2.833;5;266;0;0;266;0;0;;;;;;;;;;;;;
Fyn;Besøgssted;Øhavsmuseet; Faaborg;Statsanderkendt i henhold til museumsloven;Kulturhistorisk museum;Arresten;;;;;;;;;;;;;;;;;Besøgstal og anden aktivitet indgår i tallene for Øhavsmuseet; Faaborg;;;;;;;;;;;;
Fyn;Besøgssted;Østfyns Museer;Statsanderkendt i henhold til museumsloven;Kulturhistorisk museum;Farvergården;23.085;0;0;19.857;3.024;204;0;23.085;1.116;4;80;80;0;0;0;0;;;;;;;;;;;;;;;
Fyn;Besøgssted;Østfyns Museer;Statsanderkendt i henhold til museumsloven;Kunstmuseum;Johannes Larsen Museet;44.580;20.949;11.703;8.353;2.032;1.543;0;44.580;2.054;4;175;0;40;135;0;0;;;;;;;;;;;;;;;
Fyn;Besøgssted;Østfyns Museer;Statsanderkendt i henhold til museumsloven;Kulturhistorisk museum;Vikingemuseet Ladby;31.704;15.060;4.706;4.530;5.697;1.711;0;31.704;2.054;14;1.427;0;476;951;0;0;;;;;;;;;;;;;;;
Fyn;Besøgssted;Østfyns Museer;Statsanderkendt i henhold til museumsloven;Kulturhistorisk museum;Borgmestergården;16.547;1.868;443;11.019;2.280;937;0;16.547;1.562;210;46.959;1.276;13.768;31.915;0;0;;;;;;;;;;;;;;;
Sydjylland;Museum;;Statsanderkendt i henhold til museumsloven;Kulturhistorisk museum;Museet på Sønderskov;10.072;6.261;593;1.261;1.802;155;0;10.340;1.442;18;2.778;319;198;2.261;0;0;;;;;;;;;;;;;;;
Sydjylland;Museum;;Statsanderkendt i henhold til museumsloven;Kulturhistorisk museum;GIVE-EGNENS MUSEUM;8.582;1.866;2.600;2.000;1.146;970;0;8.582;1.465;3;356;0;30;326;0;0;;;;;;;;;;;;;;;
Sydjylland;Museum;;Statsanderkendt i henhold til museumsloven;Kulturhistorisk museum;Museerne i Fredericia;8.927;0;0;3.700;618;4.609;0;8.927;816;3;128;0;11;117;1;1.039;;;;;;;;;;;;;;;
Sydjylland;Museum;;Statsanderkendt i henhold til museumsloven;Kulturhistorisk museum;Fiskeri- og Søfartsmuseet / Saltvandsakvariet;125.566;49.827;3.608;16.449;45.851;9.831;0;125.566;2.422;43;258;0;71;187;0;0;;;;;;;;;;;;;;;
Sydjylland;Museum;;Statsanderkendt i henhold til museumsloven;Kunstmuseum;ESBJERG KUNSTMUSEUM;10.696;2.362;1.164;3.460;699;3.011;0;17.017;2.154;12;6.321;0;3.251;3.070;0;0;;;;;;;;;;;;;;;
Sydjylland;Museum;;Statsanderkendt i henhold til museumsloven;Kulturhistorisk museum;Museumsgården Karensminde;12.009;3.286;401;4.398;3.284;640;0;17.699;859;11;9.088;0;2.530;6.558;4;198;;;;;;;;;;;;;;;
Sydjylland;Museum;;Statsanderkendt i henhold til museumsloven;Kunstmuseum;Trapholt;110.682;32.575;41.461;19.563;10.600;6.483;0;110.682;2.369;16;672;0;0;672;16;2.670;;;;;;;;;;;;;;;
Sydjylland;Museum;;Statsanderkendt i henhold til museumsloven;Kunstmuseum;RIBE KUNSTMUSEUM;16.024;5.460;5.959;2.758;743;1.104;0;44.331;1.668;15;1.569;0;0;1.569;0;0;;;;;;;;;;;;;;;
Sydjylland;Museum;;Statsanderkendt i henhold til museumsloven;Kunstmuseum;Vejen Kunstmuseum;12.098;2.916;653;3.814;803;3.912;0;14.333;787;11;570;0;0;570;0;0;;;;;;;;;;;;;;;
Sydjylland;Besøgssted;De danske kongers kronologiske samling;Statsanderkendt i henhold til museumsloven;Kulturhistorisk museum;Koldingshus;149.652;56.388;54.915;16.725;18.043;3.581;0;149.652;2.513;0;0;0;0;0;2;60.923;;;;;;;;;;;;;;;
Sydjylland;Besøgssted;Museum Kolding;Statsanderkendt i henhold til museumsloven;Kulturhistorisk museum;Christiansfeld Centret ¿ c/o Søstrehuset;3.195;1.879;661;87;143;425;0;3.195;1.821;317;5.989;425;135;5.429;0;0;;;;;;;;;;;;;;;
Sydjylland;Besøgssted;Museum Kolding;Statsanderkendt i henhold til museumsloven;Kulturhistorisk museum;Skamlingsbanken;6.774;2.925;2.699;312;414;424;0;6.774;1.701;57;872;424;50;398;0;0;;;;;;;;;;;;;;;
Sydjylland;Besøgssted;Museum Kolding;Statsanderkendt i henhold til museumsloven;Kulturhistorisk museum;Staldgården;6.775;1.514;1.344;383;373;3.161;0;6.775;1.749;59;4.121;3.161;0;960;0;0;;;;;;;;;;;;;;;
Sydjylland;Besøgssted;Museum Sønderjylland;Statsanderkendt i henhold til museumsloven;Kulturhistorisk museum;Cathrineminde Teglværk;16.867;3.307;1.490;10.519;1.204;347;0;16.867;1.495;0;0;0;0;0;0;0;;;;;;;;;;;;;;;
Sydjylland;Besøgssted;Museum Sønderjylland;Statsanderkendt i henhold til museumsloven;Kulturhistorisk museum;Arkæologi Haderslev;6.048;2.018;558;1.098;882;1.492;0;10.939;1.311;41;1.521;176;0;1.345;0;0;;;;;;;;;;;;;;;
Sydjylland;Besøgssted;Museum Sønderjylland;Statsanderkendt i henhold til museumsloven;Kunstmuseum;Kunstmuseet Brundlund Slot;18.243;3.869;539;11.427;460;1.948;0;18.243;1.725;0;0;0;0;0;0;0;;;;;;;;;;;;;;;
Sydjylland;Besøgssted;Museum Sønderjylland;Statsanderkendt i henhold til museumsloven;Kulturhistorisk museum;Kulturhistorie Aabenraa;846;237;60;434;81;34;0;846;854;1;10;0;0;10;0;0;;;;;;;;;;;;;;;
Sydjylland;Besøgssted;Museum Sønderjylland;Statsanderkendt i henhold til museumsloven;Naturhistorisk museum;Naturhistorie og Palæontologi;8.328;1.762;2.693;399;3.021;453;0;8.328;1.495;7;517;487;0;30;0;0;;;;;;;;;;;;;;;
Sydjylland;Besøgssted;Museum Sønderjylland;Statsanderkendt i henhold til museumsloven;Kulturhistorisk museum;Sønderborg Slot;51.912;22.811;3.351;15.275;6.604;3.871;0;51.912;2.272;39;2.661;30;0;2.631;0;0;;;;;;;;;;;;;;;
Sydjylland;Besøgssted;Museum Sønderjylland;Statsanderkendt i henhold til museumsloven;Kulturhistorisk museum;Højer Mølle;10.919;1.620;311;7.740;677;571;0;10.919;1.495;47;1.049;624;0;425;0;0;;;;;;;;;;;;;;;
Sydjylland;Besøgssted;Museum Sønderjylland;Statsanderkendt i henhold til museumsloven;Kulturhistorisk museum;Drøhses Hus;1.665;544;406;679;36;0;0;1.665;1.132;0;0;0;0;0;0;0;;;;;;;;;;;;;;;
Sydjylland;Besøgssted;Museum Sønderjylland;Statsanderkendt i henhold til museumsloven;Kunstmuseum;Kunstmuseet i Tønder Kulturhistorie Tønder;19.631;8.614;1.330;6.446;1.399;1.842;0;19.631;2.272;19;583;112;0;471;0;0;;;;;;;;;;;;;;;
Sydjylland;Besøgssted;Nationalmuseet;Statslig i henhold til museumsloven;Kulturhistorisk museum;Kongernes Jelling;187.979;0;0;0;0;0;187.979;187.979;3.400;3;1.200;0;650;550;2;2.000;;;;;;;;;;;;;;;
Sydjylland;Besøgssted;Nationalmuseet;Statslig i henhold til museumsloven;Kulturhistorisk museum;Frøslevlejrens museum;27.672;0;0;0;0;0;27.672;27.672;1.605;0;0;0;0;0;0;0;;;;;;;;;;;;;;;
Sydjylland;Besøgssted;Nationalmuseet;Statslig i henhold til museumsloven;Kulturhistorisk museum;Kommandørgården;16.311;0;0;0;0;0;16.311;16.311;1.150;0;0;0;0;0;0;0;;;;;;;;;;;;;;;
Sydjylland;Besøgssted;Sydvestjyske Museer;Statsanderkendt i henhold til museumsloven;Kulturhistorisk museum;Ribe Domkirkemuseum;62.214;41.061;0;0;21.153;0;0;62.214;1.575;0;0;0;0;0;0;0;;;;;;;;;;;;;;;
Sydjylland;Besøgssted;Sydvestjyske Museer;Statsanderkendt i henhold til museumsloven;Kulturhistorisk museum;Museet Ribes Vikinger;34.736;20.502;1.927;981;8.193;3.133;0;36.226;1.935;10;370;0;130;240;0;0;;;;;;;;;;;;;;;
Sydjylland;Besøgssted;Sydvestjyske Museer;Statsanderkendt i henhold til museumsloven;Kulturhistorisk museum;Bramming Egnsmuseum;919;0;0;858;9;52;0;1.755;470;1;43;0;0;43;0;0;;;;;;;;;;;;;;;
Sydjylland;Besøgssted;Sydvestjyske Museer;Statsanderkendt i henhold til museumsloven;Kulturhistorisk museum;Esbjerg Vandtårn;2.095;1.594;33;88;380;0;0;2.330;492;0;0;0;0;0;0;0;;;;;;;;;;;;;;;
Sydjylland;Besøgssted;Sydvestjyske Museer;Statsanderkendt i henhold til museumsloven;Kulturhistorisk museum;Jacob A Riis Museum;6.880;2.429;2.394;663;419;975;0;7.994;1.935;3;77;27;0;50;0;0;;;;;;;;;;;;;;;
Sydjylland;Besøgssted;Sydvestjyske Museer;Statsanderkendt i henhold til museumsloven;Kulturhistorisk museum;Det gamle rådhus i Ribe;1.861;1.359;90;157;232;23;0;11.796;628;665;23.039;1.995;4.642;16.402;0;0;;;;;;;;;;;;;;;
Sydjylland;Besøgssted;Sydvestjyske Museer;Statsanderkendt i henhold til museumsloven;Kulturhistorisk museum;Mandøhuset;1.008;1.008;0;0;0;0;0;1.008;336;2;250;0;0;250;0;0;;;;;;;;;;;;;;;
Sydjylland;Besøgssted;Sydvestjyske Museer;Statsanderkendt i henhold til museumsloven;Kulturhistorisk museum;HEX!;15.156;7.563;1.260;1.357;2.339;2.637;0;16.264;1.935;0;0;0;0;0;0;0;;;;;;;;;;;;;;;
Sydjylland;Besøgssted;Sydvestjyske Museer;Statsanderkendt i henhold til museumsloven;Kulturhistorisk museum;Fanø Museum;4.065;2.847;759;66;48;345;0;4.065;672;0;0;0;0;0;0;0;;;;;;;;;;;;;;;
Sydjylland;Besøgssted;Sydvestjyske Museer;Statsanderkendt i henhold til museumsloven;Kulturhistorisk museum;Esbjerg Museum;5.601;1.561;87;1.345;911;1.697;0;7.241;1.000;13;2.200;75;945;1.180;0;0;;;;;;;;;;;;;;;
Sydjylland;Besøgssted;Vardemuseerne;Statsanderkendt i henhold til museumsloven;Kulturhistorisk museum;Varde Artillerimuseum;22.800;13.480;641;1.325;7.354;0;0;22.800;721;0;0;0;0;0;0;0;;;;;;;;;;;;;;;
Sydjylland;Besøgssted;Vardemuseerne;Statsanderkendt i henhold til museumsloven;Kulturhistorisk museum;Museum Frello;9.115;4.555;862;1.761;1.937;0;0;9.115;1.325;0;0;0;0;0;0;0;;;;;;;;;;;;;;;
Sydjylland;Besøgssted;Vardemuseerne;Statsanderkendt i henhold til museumsloven;Kulturhistorisk museum;Hjedding Mejerimuseum;214;0;0;149;65;0;0;214;3.450;0;0;0;0;0;0;0;;;;;;;;;;;;;;;
Sydjylland;Besøgssted;Vardemuseerne;Statsanderkendt i henhold til museumsloven;Kulturhistorisk museum;Hodde Skolemuseum;325;0;0;325;0;0;0;325;3.450;0;0;0;0;0;0;0;;;;;;;;;;;;;;;
Sydjylland;Besøgssted;Vardemuseerne;Statsanderkendt i henhold til museumsloven;Kulturhistorisk museum;Blåvandshuk Fyr;71.987;42.630;512;1.481;27.364;0;0;71.987;1.423;0;0;0;0;0;0;0;;;;;;;;;;;;;;;
Sydjylland;Besøgssted;Vardemuseerne;Statsanderkendt i henhold til museumsloven;Kulturhistorisk museum;Ølgod Museum;780;0;0;780;0;0;0;780;3.450;0;0;0;0;0;0;0;;;;;;;;;;;;;;;
Sydjylland;Besøgssted;Vardemuseerne;Statsanderkendt i henhold til museumsloven;Kulturhistorisk museum;Nymindegab Museum;7.811;4.258;507;1.518;1.528;0;0;7.811;1.244;0;0;0;0;0;0;0;;;;;;;;;;;;;;;
Sydjylland;Besøgssted;Vardemuseerne;Statsanderkendt i henhold til museumsloven;Kulturhistorisk museum;Tirpitz Stillingen;147.469;103.228;0;0;44.241;0;0;147.469;1.851;0;0;0;0;0;0;0;;;;;;;;;;;;;;;
Sydjylland;Besøgssted;Vardemuseerne;Statsanderkendt i henhold til museumsloven;Kulturhistorisk museum;Janusbygningen;4.463;785;119;3.546;13;0;0;4.463;900;0;0;0;0;0;0;0;;;;;;;;;;;;;;;
Sydjylland;Besøgssted;Vardemuseerne;Statsanderkendt i henhold til museumsloven;Kulturhistorisk museum;FLUGT;45.660;36.528;0;0;9.132;0;0;45.660;1.847;0;0;0;0;0;0;0;;;;;;;;;;;;;;;
Sydjylland;Besøgssted;VejleMuseerne;Statsanderkendt i henhold til museumsloven;Kulturhistorisk museum;VejleMuseerne;117.369;0;0;105.593;8.471;3.305;0;121.532;7.524;143;6.010;96;101;5.813;0;0;;;;;;;;;;;;;;;
Sydjylland;Besøgssted;VejleMuseerne;Statsanderkendt i henhold til museumsloven;Kulturhistorisk museum;Randbøldal-Museet;;;;;;;;;;;;;;;;;Besøgstal og anden aktivitet indgår i tallene for VejleMuseerne;;;;;;;;;;;;;;
Sydjylland;Besøgssted;VejleMuseerne;Statsanderkendt i henhold til museumsloven;Kulturhistorisk museum;VINGSTED HISTORISKE VÆRKSTED;;;;;;;;;;;;;;;;;Besøgstal og anden aktivitet indgår i tallene for VejleMuseerne;;;;;;;;;;;;;;
Sydjylland;Besøgssted;VejleMuseerne;Statsanderkendt i henhold til museumsloven;Kunstmuseum;Vejle Kunstmuseum;;;;;;;;;;;;;;;;;Besøgstal og anden aktivitet indgår i tallene for VejleMuseerne;;;;;;;;;;;;;;
Østjylland;Museum;;Statsanderkendt i henhold til museumsloven;Kulturhistorisk museum;Den Gamle By Danmarks Købstadmuseum;479.807;183.622;137.037;39.361;85.833;33.954;0;479.807;1.799;63;809;0;809;0;0;0;;;;;;;;;;;;;;;
Østjylland;Museum;;Statsanderkendt i henhold til museumsloven;Kunstmuseum;ARoS; Aarhus Kunstmuseum;514.332;133.752;235.020;30.126;72.667;42.767;0;629.674;2.978;0;0;0;0;0;0;0;;;;;;;;;;;;;;
Østjylland;Museum;;Statsanderkendt i henhold til museumsloven;Kunstmuseum;Museum Jorn;38.362;14.482;8.080;8.057;3.582;4.161;0;43.619;2.155;17;3.200;2.100;0;1.100;1;500;;;;;;;;;;;;;;;
Østjylland;Museum;;Statsanderkendt i henhold til museumsloven;Kunstmuseum;Randers Kunstmuseum;31.709;4.505;2.035;15.602;5.405;4.162;0;31.709;1.801;128;5.405;1.770;1.430;2.205;11;1.308;;;;;;;;;;;;;;;
Østjylland;Museum;;Statsanderkendt i henhold til museumsloven;Naturhistorisk museum;NATURHISTORISK MUSEUM;49.623;11.277;7.890;4.780;20.026;5.650;0;54.406;2.112;0;0;0;0;0;0;0;;;;;;;;;;;;;;;
Østjylland;Museum;;Statslig i henhold til museumsloven;Kulturhistorisk museum;Det Grønne Museum;97.888;26.336;21.153;26.676;18.743;4.980;0;97.888;2.003;0;0;0;0;0;0;0;;;;;;;;;;;;;;;
Østjylland;Museum;;Statsanderkendt i henhold til museumsloven;Kulturhistorisk museum;KØN;42.972;11.976;8.847;9.422;720;12.007;0;42.972;2.170;8;2.855;0;0;2.855;0;0;;;;;;;;;;;;;;;
Østjylland;Museum;;Statsanderkendt i henhold til museumsloven;Kulturhistorisk museum;Gammel Estrup  Herregårdsmuseet;97.888;26.336;7.431;40.398;18.743;4.980;0;107.888;2.003;25;1.260;1.150;110;0;1;0;;;;;;;;;;;;;;;
Østjylland;Museum;;Statsanderkendt i henhold til museumsloven;Kulturhistorisk museum;Industrimuseet; Horsens;27.036;7.117;4.185;6.724;4.200;4.810;0;45.286;1.785;6;420;0;0;420;0;0;;;;;;;;;;;;;;
Østjylland;Besøgssted;Glud Museum;Statsanderkendt i henhold til museumsloven;Kulturhistorisk museum;GLUD MUSEUM;9.121;4.111;1.314;1.369;1.784;543;0;9.121;1.172;15;564;13;551;0;0;0;;;;;;;;;;;;;;;
Østjylland;Besøgssted;Moesgård Museum;Statsanderkendt i henhold til museumsloven;Kulturhistorisk museum;Moesgård Museum;393.639;131.686;93.238;80.349;61.718;26.648;0;578.510;8.784;106;2.571;0;90;2.481;0;0;;;;;;;;;;;;;;;
Østjylland;Besøgssted;Moesgård Museum;Statsanderkendt i henhold til museumsloven;Kulturhistorisk museum;Odder Museum;;;;;;;;;;;;;;;;;Besøgstal og anden aktivitet indgår i tallene for Moesgård Museum;;;;;;;;;;;;;;
Østjylland;Besøgssted;Moesgård Museum;Statsanderkendt i henhold til museumsloven;Kulturhistorisk museum;Samsø Museum;;;;;;;;;;;;;;;;;Besøgstal og anden aktivitet indgår i tallene for Moesgård Museum;;;;;;;;;;;;;;
Østjylland;Besøgssted;Museum Horsens;Statsanderkendt i henhold til museumsloven;Kulturhistorisk museum;Horsens Historiske Museum;4.856;1.647;37;1.092;948;1.132;0;5.891;1.922;93;4.176;72;210;3.894;0;0;;;;;;;;;;;;;;;
Østjylland;Besøgssted;Museum Horsens;Statsanderkendt i henhold til museumsloven;Kunstmuseum;Horsens Kunstmuseum;13.664;5.597;534;4.255;961;2.317;0;13.664;1.630;11;553;0;0;553;0;0;;;;;;;;;;;;;;;
Østjylland;Besøgssted;Museum Horsens;Statsanderkendt i henhold til museumsloven;Kulturhistorisk museum;Fængselsmuseet;73.984;29.240;15.855;5.742;13.720;9.427;0;250.802;1.945;0;0;0;0;0;0;0;;;;;;;;;;;;;;;
Østjylland;Besøgssted;Museum Silkeborg;Statsanderkendt i henhold til museumsloven;Kulturhistorisk museum;Hovedgården;22.818;7.788;2.832;2.962;3.853;5.383;0;22.818;1.624;18;909;304;240;365;0;0;;;;;;;;;;;;;;;
Østjylland;Besøgssted;Museum Silkeborg;Statsanderkendt i henhold til museumsloven;Kulturhistorisk museum;Papirmuseet Bikuben;8.112;3.910;239;1.568;940;1.455;0;8.112;756;0;0;0;0;0;0;0;;;;;;;;;;;;;;;
Østjylland;Besøgssted;Museum Silkeborg;Statsanderkendt i henhold til museumsloven;Kulturhistorisk museum;Blicheregnens Museum;4.972;2.199;969;1.070;461;273;0;4.972;1.032;9;446;196;250;0;0;0;;;;;;;;;;;;;;;
Østjylland;Besøgssted;Museum Skanderborg;Statsanderkendt i henhold til museumsloven;Kulturhistorisk museum;Skanderborg Museum;12.643;284;0;6.495;835;5.029;0;15.398;2.880;28;851;0;0;851;0;0;;;;;;;;;;;;;;;
Østjylland;Besøgssted;Museum Skanderborg;Statsanderkendt i henhold til museumsloven;Kulturhistorisk museum;Øm Kloster Museum;5.761;3.792;443;853;327;346;0;6.212;1.092;2;65;0;0;65;0;0;;;;;;;;;;;;;;;
Østjylland;Besøgssted;Museum Skanderborg;Statsanderkendt i henhold til museumsloven;Kulturhistorisk museum;Skanderborg Bunkerne;3.239;1.746;609;53;0;831;0;3.246;256;12;510;0;0;510;0;0;;;;;;;;;;;;;;;
Østjylland;Besøgssted;Museum Skanderborg;Statsanderkendt i henhold til museumsloven;Kulturhistorisk museum;Museet på Gl. Rye Mølle;5.262;1.093;8;3.773;103;285;0;5.622;459;0;0;0;0;0;0;0;;;;;;;;;;;;;;;
Østjylland;Besøgssted;Museum Østjylland;Statsanderkendt i henhold til museumsloven;Kulturhistorisk museum;Museum Østjylland; Ebeltoft;249.091;0;0;249.061;0;30;0;249.091;3.188;32;1.120;442;0;678;5;0;;;;;;;;;;;;;;
Østjylland;Besøgssted;Museum Østjylland;Statsanderkendt i henhold til museumsloven;Kulturhistorisk museum;Museum Østjylland; Grenå;13.883;0;0;11.094;2.699;90;0;13.883;1.764;25;875;0;324;551;1;0;;;;;;;;;;;;;;
Østjylland;Besøgssted;Museum Østjylland;Statsanderkendt i henhold til museumsloven;Kulturhistorisk museum;Museum Østjylland; Randers;41.381;0;0;26.369;10.505;4.507;0;41.381;2.388;37;1.295;0;236;1.059;1;50;;;;;;;;;;;;;;
Vestjylland;Museum;;Statsanderkendt i henhold til museumsloven;Kunstmuseum;HEART Herning Museum of Contemporary Art;32.750;5.206;6.305;16.488;3.074;1.677;0;34.005;1.681;0;0;0;0;0;0;0;;;;;;;;;;;;;;;
Vestjylland;Museum;;Statsanderkendt i henhold til museumsloven;Kunstmuseum;Holstebro Kunstmuseum;11.017;3.013;2.438;3.209;2.357;0;0;11.017;1.458;11;1.102;0;82;1.020;0;0;;;;;;;;;;;;;;;
Vestjylland;Museum;;Statsanderkendt i henhold til museumsloven;Kulturhistorisk museum;Energimuseet;29.523;7.701;4.945;582;7.381;8.914;0;35.000;1.272;50;2.900;50;0;2.850;0;0;;;;;;;;;;;;;;;
Vestjylland;Museum;;Statsanderkendt i henhold til museumsloven;Kulturhistorisk museum;Struer Museum;14.039;3.007;2.189;7.636;978;229;0;14.256;1.572;5;217;0;0;217;0;0;;;;;;;;;;;;;;;
Vestjylland;Museum;;Statsanderkendt i henhold til museumsloven;Kunstmuseum;SKOVGAARD MUSEET I VIBORG;;;;;;;;;;;;;;;;;Uoplyst;;;;;;;;;;;;;;
Vestjylland;Besøgssted;De Kulturhistoriske Museer i Holstebro;Statsanderkendt i henhold til museumsloven;Kulturhistorisk museum;Holstebro Museum;13.098;2.830;2.526;4.318;2.367;1.057;0;13.727;1.398;40;999;316;265;418;0;0;;;;;;;;;;;;;;;
Vestjylland;Besøgssted;De Kulturhistoriske Museer i Holstebro;Statsanderkendt i henhold til museumsloven;Kulturhistorisk museum;Strandingsmuseum St. George;29.527;16.623;4.159;952;6.056;1.737;0;30.027;2.009;5;1.410;0;515;895;0;0;;;;;;;;;;;;;;;
Vestjylland;Besøgssted;De Kulturhistoriske Museer i Holstebro;Statsanderkendt i henhold til museumsloven;Kulturhistorisk museum;Hjerl Hedes Frilandsmuseum;56.550;16.849;12.550;9.169;13.762;4.220;0;56.550;1.023;0;0;0;0;0;0;0;;;;;;;;;;;;;;;
Vestjylland;Besøgssted;Lemvig Museum;Statsanderkendt i henhold til museumsloven;Kulturhistorisk museum;Lemvig Museum;4.274;1.513;233;1.393;519;616;0;4.274;2.208;25;493;0;0;493;0;0;;;;;;;;;;;;;;;
Vestjylland;Besøgssted;Lemvig Museum;Statsanderkendt i henhold til museumsloven;Kunstmuseum;Jens Søndergårds Museum;3.937;2.734;420;506;182;95;0;3.937;1.140;5;231;0;0;231;0;0;;;;;;;;;;;;;;;
Vestjylland;Besøgssted;Museum Midtjylland;Statsanderkendt i henhold til museumsloven;Kulturhistorisk museum;Frilandsmuseet Herning;2.768;0;0;1.923;472;373;0;2.768;195;0;0;0;0;0;0;0;;;;;;;;;;;;;;;
Vestjylland;Besøgssted;Museum Midtjylland;Statsanderkendt i henhold til museumsloven;Kulturhistorisk museum;Klosterlund Museum;7.112;632;0;5.239;838;403;0;10.091;701;1;287;0;31;256;0;0;;;;;;;;;;;;;;;
Vestjylland;Besøgssted;Museum Midtjylland;Statsanderkendt i henhold til museumsloven;Kulturhistorisk museum;Herningsholm Museum;6.857;4.250;98;1.429;966;114;0;8.192;355;0;0;0;0;0;0;0;;;;;;;;;;;;;;;
Vestjylland;Besøgssted;Museum Midtjylland;Statsanderkendt i henhold til museumsloven;Kulturhistorisk museum;Tekstilmuseet;5.385;1.053;1.219;1.694;313;1.106;0;6.790;1.470;10;579;192;32;355;0;0;;;;;;;;;;;;;;;
Vestjylland;Besøgssted;Museum Midtjylland;Statsanderkendt i henhold til museumsloven;Kulturhistorisk museum;Vester Palsgaard Skovmuseum;2.224;233;0;1.553;364;74;0;2.296;247;0;0;0;0;0;0;0;;;;;;;;;;;;;;;
Vestjylland;Besøgssted;Museum Salling;Statsanderkendt i henhold til museumsloven;Kulturhistorisk museum;Spøttrup Middelalderborg;31.045;18.701;3.979;839;5.670;1.161;695;31.045;1.339;0;0;0;0;0;0;0;;;;;;;;;;;;;;;
Vestjylland;Besøgssted;Museum Salling;Statsanderkendt i henhold til museumsloven;Kunstmuseum;Skive Museum;8.923;1.433;3.829;853;832;1.976;0;11.865;1.028;6;911;124;125;662;0;0;;;;;;;;;;;;;;;
Vestjylland;Besøgssted;Museum Salling;Statsanderkendt i henhold til museumsloven;Naturhistorisk museum;Fur Museum;14.257;6.299;418;4.407;2.389;744;0;14.801;1.229;235;6.353;1.819;809;3.725;0;0;;;;;;;;;;;;;;;
Vestjylland;Besøgssted;Museum Salling;Statsanderkendt i henhold til museumsloven;Kulturhistorisk museum;Glyngøre Kulturstation;1.428;161;269;838;160;0;0;5.913;506;2;3.200;0;350;2.850;0;0;;;;;;;;;;;;;;;
Vestjylland;Besøgssted;Ringkøbing-Skjern Museum;Statsanderkendt i henhold til museumsloven;Kulturhistorisk museum;Bork Vikingehavn;73.359;45.864;932;864;25.087;612;0;73.359;1.266;0;0;0;0;0;0;0;;;;;;;;;;;;;;;
Vestjylland;Besøgssted;Ringkøbing-Skjern Museum;Statsanderkendt i henhold til museumsloven;Kulturhistorisk museum;Abelines Gaard;6.698;4.115;446;210;1.758;169;0;6.698;893;0;0;0;0;0;0;0;;;;;;;;;;;;;;;
Vestjylland;Besøgssted;Ringkøbing-Skjern Museum;Statsanderkendt i henhold til museumsloven;Kulturhistorisk museum;Bundsbæk  Mølle;1.687;0;374;245;0;1.068;0;1.687;0;0;0;0;0;0;0;0;I 2022 var Bundsbæk Mølle lukket for gæster undtaget skoletjeneste og anden formidling;;;;;;;;;;;;;;
Vestjylland;Besøgssted;Ringkøbing-Skjern Museum;Statsanderkendt i henhold til museumsloven;Kulturhistorisk museum;Fahl Kro;0;0;0;0;0;0;0;47;3;0;0;0;0;0;0;0;;;;;;;;;;;;;;;
Vestjylland;Besøgssted;Ringkøbing-Skjern Museum;Statsanderkendt i henhold til museumsloven;Kulturhistorisk museum;Ringkøbing Museum;6.391;3.852;356;364;1.473;315;31;9.288;1.470;92;2.897;109;752;2.036;0;0;;;;;;;;;;;;;;;
Vestjylland;Besøgssted;Ringkøbing-Skjern Museum;Statsanderkendt i henhold til museumsloven;Kulturhistorisk museum;Kaj Munks Præstegård;7.096;4.491;1.459;214;381;551;0;7.096;775;0;0;0;0;0;0;0;;;;;;;;;;;;;;;
Vestjylland;Besøgssted;Ringkøbing-Skjern Museum;Statsanderkendt i henhold til museumsloven;Kulturhistorisk museum;Skjern Vindmølle;781;0;0;739;42;0;0;781;32;0;0;0;0;0;0;0;;;;;;;;;;;;;;;
Vestjylland;Besøgssted;Ringkøbing-Skjern Museum;Statsanderkendt i henhold til museumsloven;Kulturhistorisk museum;Lyngvig Fyr;90.653;57.210;678;605;31.440;720;0;90.653;2.434;0;0;0;0;0;0;0;;;;;;;;;;;;;;;
Vestjylland;Besøgssted;Ringkøbing-Skjern Museum;Statsanderkendt i henhold til museumsloven;Kulturhistorisk museum;Skjern Reberbane;;;;;;;;;;;;;;;;;Der har ikke været aktivitet på besøgsstedet i 2022;;;;;;;;;;;;;;
Vestjylland;Besøgssted;Ringkøbing-Skjern Museum;Statsanderkendt i henhold til museumsloven;Kulturhistorisk museum;Provstgaards Jagthus;1.151;0;0;950;160;41;0;1.257;220;0;0;0;0;0;0;0;;;;;;;;;;;;;;;
Vestjylland;Besøgssted;Viborg Museum;Statsanderkendt i henhold til museumsloven;Kulturhistorisk museum;Viborg Museum;0;0;0;0;0;0;0;13.484;1.518;780;13.484;1.626;525;11.333;0;0;Viborg Museum er under ombygning frem til 2024; og derfor har der ikke været besøgende i udstillingen.;;;;;;;;;;;;;
Vestjylland;Besøgssted;Viborg Museum;Statsanderkendt i henhold til museumsloven;Kulturhistorisk museum;E Bindstouw i Lysgård;730;700;0;0;30;0;0;730;308;0;0;0;0;0;0;0;;;;;;;;;;;;;;;
Vestjylland;Besøgssted;Viborg Museum;Statsanderkendt i henhold til museumsloven;Kulturhistorisk museum;Hvolris Jernalderlandsby;7.382;3.973;238;450;1.535;1.186;0;7.382;1.455;0;0;0;0;0;0;0;;;;;;;;;;;;;;;
Vestjylland;Besøgssted;Viborg Museum;Statsanderkendt i henhold til museumsloven;Kulturhistorisk museum;Haldladen - De fem Halder;6.267;0;0;6.267;0;0;0;8.037;1.560;40;1.770;45;339;1.386;0;0;;;;;;;;;;;;;;;
Nordjylland;Museum;;Statsanderkendt i henhold til museumsloven;Kulturhistorisk museum;Museum Mors;25.008;4.705;6.091;8.368;4.665;1.179;0;25.008;2.852;13;445;75;0;370;0;0;;;;;;;;;;;;;;;
Nordjylland;Museum;;Statsanderkendt i henhold til museumsloven;Kulturhistorisk museum;Limfjordsmuseet;22.143;2.685;5.705;7.968;4.188;1.597;0;99.243;903;56;8.891;135;1.080;7.676;0;0;;;;;;;;;;;;;;;
Nordjylland;Museum;;Statsanderkendt i henhold til museumsloven;Kunstmuseum;Vendsyssel Kunstmuseum;14.002;2.190;3.866;4.501;1.378;2.067;0;14.002;1.786;35;2.467;139;776;1.552;0;0;;;;;;;;;;;;;;;
Nordjylland;Museum;;Statsanderkendt i henhold til museumsloven;Kulturhistorisk museum;Læsø Museum;12.801;6.881;0;4.144;1.116;660;0;15.132;1.924;1;10;0;0;10;0;0;;;;;;;;;;;;;;;
Nordjylland;Museum;;Statsanderkendt i henhold til museumsloven;Kunstmuseum;Skagens Museum;166.661;69.912;66.189;3.667;13.007;13.886;0;258.446;4.476;0;0;0;0;0;0;0;;;;;;;;;;;;;;;
Nordjylland;Museum;;Statsanderkendt i henhold til museumsloven;Kunstmuseum;KUNSTEN Museum of Modern Art Aalborg;95.960;23.180;47.881;7.736;9.579;7.584;0;104.503;2.682;11;202;77;10;115;0;0;;;;;;;;;;;;;;;
Nordjylland;Besøgssted;Museum Thy;Statsanderkendt i henhold til museumsloven;Kulturhistorisk museum;Thisted Museum;80;80;0;0;0;0;0;1.463;0;20;788;0;92;696;0;0;Museet er lukket imens der bygget et nyt museum. Derfor har der ikke været normale åbningstider.;;;;;;;;;;;;;;
Nordjylland;Besøgssted;Museum Thy;Statsanderkendt i henhold til museumsloven;Kulturhistorisk museum;Skjoldborgs Barndomshjem;121;58;0;61;2;0;0;121;93;0;0;0;0;0;0;0;;;;;;;;;;;;;;;
Nordjylland;Besøgssted;Museum Thy;Statsanderkendt i henhold til museumsloven;Kulturhistorisk museum;Vorupør Museum;1.418;696;266;75;323;58;0;1.418;699;10;252;0;5;247;0;0;;;;;;;;;;;;;;;
Nordjylland;Besøgssted;Museum Thy;Statsanderkendt i henhold til museumsloven;Kulturhistorisk museum;Fiskerhuset i Agger;459;371;0;24;64;0;0;459;126;0;0;0;0;0;0;0;;;;;;;;;;;;;;;
Nordjylland;Besøgssted;Museum Thy;Statsanderkendt i henhold til museumsloven;Kulturhistorisk museum;Heltborg museum og  Sydthy Kunst-og Kulturcenter;4.316;1.181;992;1.204;586;353;0;4.316;699;2;351;0;20;331;0;0;;;;;;;;;;;;;;;
Nordjylland;Besøgssted;Museum Thy;Statsanderkendt i henhold til museumsloven;Kulturhistorisk museum;Bunkermuseum Hanstholm;74.868;39.273;13.416;1.110;17.839;3.230;0;74.868;1.962;18;799;0;92;707;0;0;;;;;;;;;;;;;;;
Nordjylland;Besøgssted;Museum for Forsyning og Bæredygtighed;Statsanderkendt i henhold til museumsloven;Kulturhistorisk museum;Vildmosemuseet;260;44;3;190;23;0;0;302;20;16;326;112;0;214;0;0;;;;;;;;;;;;;;;
Nordjylland;Besøgssted;Museum for Forsyning og Bæredygtighed;Statsanderkendt i henhold til museumsloven;Kulturhistorisk museum;Dorf Møllegård;2.042;404;299;1.056;243;40;0;4.042;660;5;107;0;8;99;0;0;;;;;;;;;;;;;;;
Nordjylland;Besøgssted;Nordjyllands Kystmuseum;Statsanderkendt i henhold til museumsloven;Kulturhistorisk museum;Kystmuseet Bangsbo;29.092;4.752;2.992;13.887;6.889;572;0;29.092;1.314;3;31;0;0;31;0;0;Udover almindelige museumsgæster havde Kystmuseet Bangsbo 106.255 kulturmiljøbesøgende.;;;;;;;;;;;;;;
Nordjylland;Besøgssted;Nordjyllands Kystmuseum;Statsanderkendt i henhold til museumsloven;Kulturhistorisk museum;Kystmuseet Bangsbo Fort;37.051;5.481;1.853;18.811;10.313;593;0;37.051;984;1;28;0;0;28;0;0;Udover almindelige museumsgæster havde Kystmuseet Bangsbo Fort 90.162 kulturmiljøbesøgende.;;;;;;;;;;;;;;
Nordjylland;Besøgssted;Nordjyllands Kystmuseum;Statsanderkendt i henhold til museumsloven;Kulturhistorisk museum;Kystmuseet Skagen;36.946;4.134;3.608;14.710;11.438;3.056;0;36.946;1.367;8;133;99;34;0;0;0;Udover almindelige museumsgæster havde Kystmuseet Skagen Fort 128.329 kulturmiljøbesøgende.;;;;;;;;;;;;;;
Nordjylland;Besøgssted;Nordjyllands Kystmuseum;Statsanderkendt i henhold til museumsloven;Kulturhistorisk museum;Kystmuseet Sæby;23.374;1.038;315;14.759;7.180;82;0;23.374;659;7;106;0;31;75;0;0;Udover almindelige museumsgæster havde Kystmuseet Sæby Fort 39.855 kulturmiljøbesøgende.;;;;;;;;;;;;;;
Nordjylland;Besøgssted;Nordjyske Museer;Statsanderkendt i henhold til museumsloven;Kulturhistorisk museum;Boldrup Museum;9.956;0;0;4.717;4.288;951;0;9.956;4.562;20;381;216;0;165;0;0;;;;;;;;;;;;;;;
Nordjylland;Besøgssted;Nordjyske Museer;Statsanderkendt i henhold til museumsloven;Kulturhistorisk museum;Cirkusmuseet Rold;2.607;1.113;265;70;197;962;0;2.607;520;15;741;547;0;194;0;0;;;;;;;;;;;;;;;
Nordjylland;Besøgssted;Nordjyske Museer;Statsanderkendt i henhold til museumsloven;Kulturhistorisk museum;Vikingecenter Fyrkat;21.023;10.711;2.814;2.283;4.194;1.021;0;43.006;1.074;0;0;0;0;0;0;0;;;;;;;;;;;;;;;
Nordjylland;Besøgssted;Nordjyske Museer;Statsanderkendt i henhold til museumsloven;Kulturhistorisk museum;Hadsund Egns Museum;428;194;19;139;76;0;0;428;516;4;87;0;0;87;0;0;;;;;;;;;;;;;;;
Nordjylland;Besøgssted;Nordjyske Museer;Statsanderkendt i henhold til museumsloven;Kulturhistorisk museum;Graabrødrekloster Museum;14.294;13.839;0;0;0;455;0;14.294;4.380;0;0;0;0;0;0;0;;;;;;;;;;;;;;;
Nordjylland;Besøgssted;Nordjyske Museer;Statsanderkendt i henhold til museumsloven;Kulturhistorisk museum;Lystfartøjsmuseet;710;375;17;245;73;0;0;710;524;12;295;104;191;0;0;0;;;;;;;;;;;;;;;
Nordjylland;Besøgssted;Nordjyske Museer;Statsanderkendt i henhold til museumsloven;Kulturhistorisk museum;Lindholm Høje;30.273;12.751;2.896;7.982;4.270;2.374;0;48.523;1.990;0;0;0;0;0;0;0;;;;;;;;;;;;;;;
Nordjylland;Besøgssted;Nordjyske Museer;Statsanderkendt i henhold til museumsloven;Kulturhistorisk museum;Hals Museum; Hals Skanse;5.064;0;0;5.064;0;0;0;33.430;4.562;0;0;0;0;0;0;0;;;;;;;;;;;;;;
Nordjylland;Besøgssted;Nordjyske Museer;Statsanderkendt i henhold til museumsloven;Kulturhistorisk museum;Aalborg Historiske Museum;17.339;3.337;775;9.985;903;2.339;0;17.339;1.760;195;3.756;952;0;2.804;0;0;;;;;;;;;;;;;;;
Nordjylland;Besøgssted;Nordjyske Museer;Statsanderkendt i henhold til museumsloven;Kulturhistorisk museum;Apotekersamlingen  Jens Bangs Stenhus;466;441;0;0;25;0;0;466;33;0;0;0;0;0;0;0;;;;;;;;;;;;;;;
Nordjylland;Besøgssted;Nordjyske Museer;Statsanderkendt i henhold til museumsloven;Kulturhistorisk museum;Havnø Mølle;994;195;13;536;250;0;0;994;72;0;0;0;0;0;0;0;;;;;;;;;;;;;;;
Nordjylland;Besøgssted;Vendsyssels Historiske Museum;Statsanderkendt i henhold til museumsloven;Kulturhistorisk museum;Landskabs- og landsbrugsmuseet; Mosbjerg;12.698;11.989;0;0;709;0;0;12.698;2.555;0;0;0;0;0;0;0;;;;;;;;;;;;;;
Nordjylland;Besøgssted;Vendsyssels Historiske Museum;Statsanderkendt i henhold til museumsloven;Kulturhistorisk museum;Hirtshals Museum;3.848;2.820;0;628;400;0;0;3.848;256;0;0;0;0;0;0;0;;;;;;;;;;;;;;;
Nordjylland;Besøgssted;Vendsyssels Historiske Museum;Statsanderkendt i henhold til museumsloven;Kulturhistorisk museum;Bunkermuseet; Hirtshals;34.064;22.521;0;0;11.543;0;0;34.064;1.400;0;0;0;0;0;0;0;;;;;;;;;;;;;;
Nordjylland;Besøgssted;Vendsyssels Historiske Museum;Statsanderkendt i henhold til museumsloven;Kulturhistorisk museum;Vendsyssels Historiske Museum;17.643;7.756;485;4.155;971;4.276;0;17.643;1.255;111;1.556;0;0;1.556;0;0;;;;;;;;;;;;;;;
Nordjylland;Besøgssted;Vesthimmerlands Museum;Statsanderkendt i henhold til museumsloven;Kulturhistorisk museum;VESTHIMMERLANDS MUSEUM;6.925;1.967;325;2.583;200;1.850;0;6.925;1.509;57;6.240;0;2;6.238;0;0;;;;;;;;;;;;;;;
Nordjylland;Besøgssted;Vesthimmerlands Museum;Statsanderkendt i henhold til museumsloven;Kulturhistorisk museum;Stenaldercentret Ertebølle;8.304;2.650;464;1.670;1.944;1.576;0;8.304;761;40;890;0;333;557;0;0;;;;;;;;;;;;;;;